input_text,generated_summary,reference_summary_1,reference_summary_2
"Scientists have discovered a new species of deep-sea fish that emits a soft, soothing light. This bioluminescent fish could inspire advancements in low-light underwater exploration.","New bioluminescent fish species found in deep sea could lead to improved underwater exploration.","Discovery of deep-sea fish emitting soothing light could drive innovations in underwater exploration technology.","Scientists find new bioluminescent fish species with potential implications for underwater exploration."
"An international team of astronomers has identified a distant exoplanet with an atmosphere that contains water vapor. This discovery brings us one step closer to understanding habitability beyond our solar system.","Distant exoplanet\'s water vapor-filled atmosphere brings scientists closer to comprehending extraterrestrial habitability.","Astronomers identify exoplanet with water vapor-rich atmosphere, advancing our grasp of potential habitable worlds.","Discovery of exoplanet with water vapor in its atmosphere provides insights into habitability beyond our solar system."
"Researchers have developed a novel nanotechnology-based cancer treatment that targets tumor cells with high precision. This innovation holds promise for more effective and less invasive cancer therapies.","New nanotechnology-based cancer treatment demonstrates high precision in targeting tumor cells.","Researchers create cancer treatment using nanotechnology, offering potential for improved precision in therapy.","Innovative cancer treatment utilizing nanotechnology shows potential for enhancing precision and efficacy of therapies."
"A new app is aiming to reduce food waste by connecting local restaurants with customers to sell excess food at discounted prices. This initiative could play a significant role in promoting sustainability.","App connects local restaurants with customers to sell surplus food, contributing to the reduction of food waste.","New sustainability-focused app facilitates sale of excess restaurant food, combating food waste.","Initiative to reduce food waste involves app connecting customers with local restaurants offering surplus food at discounted prices."
"Archaeologists have uncovered an ancient city that dates back over 4,000 years in the Kurdistan region of Iraq. The city\'s remains provide valuable insights into the history and culture of the region.","Ancient city dating back over 4,000 years discovered in Kurdistan, offering insights into the region\'s history.","Archaeological find in Iraq reveals ancient city\'s remains, shedding light on the culture and history of the area.","Discovery of 4,000-year-old ancient city in Kurdistan provides archaeologists with insights into the past."
"Researchers have developed a new type of solar panel that is highly efficient in low-light conditions. This innovation could revolutionize solar energy production, making renewable energy more accessible even in areas with less sunlight.","Scientists create highly efficient solar panels for low-light environments.","New solar panels could revolutionize renewable energy production in areas with low sunlight.","Researchers develop innovative solar panels to increase accessibility of solar energy."
"According to a recent study, regular exercise in middle age can lead to a reduced risk of dementia in later life. The research found that individuals who engaged in physical activity in their 40s and 50s had a 36% lower risk of developing dementia compared to those who were inactive.","Middle-age exercise linked to 36% lower risk of dementia in old age.","New study suggests that staying physically active in your 40s and 50s can significantly decrease the risk of dementia later in life.","Regular exercise during middle age may have a strong impact on lowering the likelihood of dementia, says a recent study."
"Scientists have developed a new type of battery that can be charged wirelessly using radio waves. This breakthrough could lead to more convenient and efficient charging for a wide range of devices.","New wireless charging battery utilizes radio waves, offering potential for enhanced convenience and efficiency.","Battery technology innovation enables wireless charging via radio waves, paving the way for improved device charging methods.","Researchers create battery that can be charged wirelessly using radio waves, potentially revolutionizing charging technology."
"A team of engineers has designed a lightweight exoskeleton that can assist individuals with mobility impairments in walking and performing daily tasks. This development holds promise for enhancing the quality of life for people with mobility challenges.","Engineers create lightweight exoskeleton to aid mobility-impaired individuals in walking and daily tasks.","Newly designed exoskeleton offers mobility assistance for those with limited mobility, potentially improving their quality of life.","Innovative exoskeleton design aims to assist people with mobility impairments in walking and performing everyday activities."
"NASA\'s latest space telescope has captured stunning images of distant galaxies, revealing previously unseen details about the universe\'s evolution. These images are expected to significantly contribute to our understanding of cosmic history.","New NASA space telescope images unveil distant galaxies, providing insights into the universe\'s evolution.","Stunning images of distant galaxies captured by NASA\'s space telescope to enhance our understanding of cosmic history.","Images from NASA\'s latest space telescope offer unprecedented views of distant galaxies, advancing our knowledge of the universe\'s development."
"A group of researchers have developed a plant-based alternative to plastic packaging that is both biodegradable and sustainable. This innovation could help reduce the environmental impact of single-use plastics.","Researchers create biodegradable, plant-based alternative to plastic packaging, aiming to mitigate the environmental effects of single-use plastics.","Innovative plant-based packaging developed as eco-friendly alternative to plastic, potentially reducing the impact of single-use plastics on the environment.","New sustainable packaging made from plants could offer an effective alternative to traditional plastic packaging, helping to combat plastic pollution."
"An AI-powered language translation device capable of translating multiple languages in real-time has been unveiled. This technology has the potential to break down language barriers and facilitate cross-cultural communication.","New AI-powered translation device offers real-time multilingual translation, holding potential for enhanced cross-cultural communication.","Language translation device using AI unveiled, with real-time translation abilities to bridge global language gaps.","Innovative AI translation device introduced, demonstrating real-time translation capabilities for improved cross-language communication."
"Researchers have discovered a new method for converting carbon dioxide into useful fuels using sunlight. This breakthrough could provide a sustainable way to reduce greenhouse gas emissions.","New method utilizes sunlight to convert carbon dioxide into fuels, offering a potential solution to reduce greenhouse gas emissions.","Scientists develop innovative technique to transform carbon dioxide into usable fuels using sunlight, with implications for addressing climate change.","Discovery of method to convert carbon dioxide into fuels using sunlight offers potential for sustainable reduction of greenhouse gas emissions."
"A startup company has introduced a vertical farming system that can grow crops in urban environments with limited space. This technology aims to increase local food production and reduce the carbon footprint of agriculture.","Startup introduces vertical farming system for urban areas, enabling local food production and reduced agricultural carbon footprint.","Innovative vertical farming technology brings agriculture to urban spaces, contributing to localized food production and decreased environmental impact.","New vertical farming system designed for urban settings seeks to enhance local food supply and mitigate the environmental effects of traditional agriculture."
"Medical researchers have developed a non-invasive device that uses sound waves to break up kidney stones. This technology could offer a safer and more comfortable alternative to traditional treatments.","New non-invasive kidney stone treatment employs sound waves to break up stones, providing a safer and more comfortable alternative.","Researchers create device using sound waves to disintegrate kidney stones, potentially revolutionizing the treatment of this condition.","Innovative medical device harnesses sound waves for non-invasive kidney stone treatment, offering improved patient experience compared to conventional methods."
"A team of scientists has identified a gene associated with longer lifespan in humans. This discovery sheds light on the genetic factors influencing aging and could pave the way for interventions to extend healthy life.","Gene linked to human longevity identified by researchers, offering insights into aging and potential for life-extending interventions.","Scientific breakthrough reveals gene connected to longer human lifespan, advancing our understanding of the aging process.","Discovery of gene linked to extended human lifespan provides opportunities for developing interventions to promote healthy aging."
"Artificial intelligence researchers have developed a system that can generate highly realistic paintings in the style of famous artists. This technology showcases the potential of AI in creative fields.","AI system produces lifelike paintings in the style of renowned artists, highlighting the role of AI in creative endeavors.","Researchers create AI-driven painting generator that emulates famous artists, demonstrating the capabilities of AI in the realm of art.","Innovative AI-powered system capable of producing paintings in the styles of famous artists showcases the intersection of AI and artistic expression."
"Scientists have developed a new type of material that can efficiently convert waste heat into electricity. This breakthrough could lead to improved energy efficiency in various industries.","New material converts waste heat into electricity, offering potential for enhanced energy efficiency in multiple sectors.","Researchers create innovative material capable of transforming waste heat into usable electricity, with applications in improving energy efficiency.","Discovery of material that converts waste heat into electricity could revolutionize energy efficiency across industries."
"Astronomers have observed a rare cosmic event where a black hole tears apart a star. This phenomenon, known as a tidal disruption event, provides valuable insights into the behavior of black holes.","Astronomers witness black hole tearing apart a star in rare cosmic event, revealing insights into black hole behavior.","Rare tidal disruption event observed as black hole tears apart a star, contributing to our understanding of black hole dynamics.","Observation of black hole tearing apart a star in a tidal disruption event sheds light on the interactions between black holes and stars."
"Engineers have developed a self-healing concrete that can repair its own cracks using a combination of fungi and calcium. This innovation could significantly extend the lifespan of concrete structures.","Self-healing concrete developed using fungi and calcium to repair cracks, potentially increasing the durability of concrete constructions.","Researchers create concrete with self-healing capabilities through the use of fungi and calcium, offering longer lifespan for concrete structures.","Innovative self-healing concrete utilizes fungi and calcium to autonomously repair cracks, promising enhanced longevity for concrete-based infrastructure."
"A new virtual reality system is being used to help patients manage chronic pain by distracting them with immersive experiences. This approach could offer a drug-free alternative for pain management.","Virtual reality system assists chronic pain patients by immersing them in experiences that help manage pain without medication.","Innovative virtual reality technology provides patients with chronic pain a non-pharmaceutical solution for pain management.","Researchers employ virtual reality to distract and manage chronic pain, potentially reducing the need for pain medication."
"Researchers have developed a novel type of flexible, wearable sensor that can monitor hydration levels by analyzing sweat. This technology could have applications in sports, healthcare, and military settings.","New wearable sensor analyzes sweat to monitor hydration levels, with potential uses in sports, healthcare, and military applications.","Innovative flexible sensor can track hydration levels by analyzing sweat, offering practical applications in various fields.","Scientists create wearable technology capable of monitoring hydration levels through sweat analysis, benefiting sports, healthcare, and military sectors."
"An AI-powered robot designed to assist elderly individuals with household tasks has been introduced. The robot can perform tasks such as cleaning, cooking, and reminding users to take medications.","AI-powered robot aims to aid elderly individuals with household chores, including cleaning, cooking, and medication reminders.","Innovative robot equipped with AI capabilities designed to help the elderly with tasks such as cleaning and medication reminders.","Newly introduced AI-driven robot offers support to the elderly by assisting with household tasks and medication management."
"A team of scientists has developed a method to 3D print functioning human organs using bioinks derived from natural materials. This advancement could address the shortage of organ donors.","Researchers achieve 3D printing of functional human organs using bioinks made from natural materials, potentially addressing the organ donor shortage.","Innovative technique enables 3D printing of human organs using bioinks derived from natural sources, offering a potential solution to the shortage of organ donors.","Scientific breakthrough allows for 3D printing of human organs using bioinks from natural materials, potentially revolutionizing organ transplantation."
"Scientists have identified a new species of bacteria in the soil of a remote location with the ability to break down plastic at an unprecedented rate. This discovery holds promise for combating plastic pollution.","Newly discovered bacteria species in remote soil rapidly breaks down plastic, showing potential for addressing plastic pollution.","Researchers find bacteria with remarkable plastic-degrading abilities in remote soil, offering hope for reducing plastic pollution.","Discovery of bacteria capable of breaking down plastic quickly in remote soil could play a significant role in the fight against plastic pollution."
"An autonomous drone delivery service has been launched in urban areas to transport essential medical supplies to remote locations. This technology has the potential to improve healthcare access in hard-to-reach regions.","Autonomous drone delivery service initiates transportation of medical supplies to remote areas, enhancing healthcare access in underserved regions.","Innovative drone delivery service using autonomous technology introduced for transporting medical supplies to remote locations, potentially revolutionizing healthcare logistics.","Newly launched autonomous drone delivery service aims to provide essential medical supplies to remote areas, addressing healthcare access challenges."
"Researchers have developed a breakthrough gene-editing technique that can precisely modify DNA without causing unintended mutations. This advancement could lead to safer and more accurate gene therapies.","New gene-editing technique allows precise DNA modification without unintended mutations, offering potential for safer gene therapies.","Scientists create gene-editing method that accurately modifies DNA without unintended mutations, enhancing the safety of gene therapy.","Innovative gene-editing technique developed for accurate DNA modification, improving the precision and safety of gene therapies."
"A team of engineers has designed a solar-powered water purification system that can provide clean drinking water in remote areas without access to clean water sources. This technology could have a significant impact on global water scarcity.","Solar-powered water purification system offers clean drinking water in remote areas with water scarcity.","Engineers develop innovative solar-powered water purification system to address clean water scarcity in remote regions.","New technology uses solar power to purify water in remote areas, providing a solution to global water scarcity challenges."
"Scientists have discovered a new species of antibiotic-producing bacteria in soil samples. This discovery raises hopes for finding novel antibiotics to combat drug-resistant infections.","Newly discovered antibiotic-producing bacteria species in soil samples offers potential for combating drug-resistant infections.","Researchers identify bacteria with antibiotic-producing properties in soil, potentially contributing to the fight against antibiotic-resistant infections.","Discovery of new bacteria species with antibiotic-producing capabilities in soil samples provides promise for developing new antibiotics against drug-resistant infections."
"A company has developed a wearable device that uses brainwaves to control virtual reality experiences. This technology could have applications in gaming, entertainment, and even medical rehabilitation.","Wearable device utilizes brainwaves to control virtual reality experiences, with potential applications in gaming, entertainment, and medical rehab.","Innovative brainwave-controlled wearable device introduced for virtual reality interactions, spanning fields from entertainment to medical treatment.","New technology allows users to control virtual reality experiences using brainwaves, offering potential for diverse applications such as gaming and rehabilitation."
"Researchers have engineered a type of bacteria that can break down plastic waste more efficiently. This bioengineered bacteria shows promise for reducing plastic pollution.","Bioengineered bacteria created to break down plastic waste more efficiently, potentially aiding in the reduction of plastic pollution.","Scientists modify bacteria to enhance plastic waste degradation, opening new possibilities for tackling plastic pollution.","Discovery of bacteria engineered for improved plastic waste breakdown offers potential for addressing the global issue of plastic pollution."
"An AI-driven chatbot has been developed to provide mental health support to users. This AI chatbot offers a convenient and accessible way for individuals to seek help and advice for their mental well-being.","AI chatbot introduced to offer mental health support, providing users with a convenient and accessible resource for well-being.","Innovative AI-powered chatbot designed to provide mental health support, offering users a virtual platform for seeking guidance and assistance.","New AI-driven chatbot offers users a virtual avenue for accessing mental health support and advice, catering to the increasing demand for such services."
"Scientists have created a new type of flexible, transparent material that can generate electricity from sunlight. This solar material could be integrated into windows, screens, and other surfaces to harness solar energy.","Flexible, transparent material developed to generate electricity from sunlight, potentially revolutionizing solar energy integration in various surfaces.","Researchers develop innovative transparent material that converts sunlight into electricity, with applications in windows, screens, and more.","Discovery of transparent, flexible material capable of generating electricity from sunlight offers potential for integrating solar energy harvesting into everyday surfaces."
"A startup company is working on a lab-grown meat product that replicates the taste and texture of traditional meat. This cultured meat innovation could offer a more sustainable and ethical protein source.","Startup develops lab-grown meat product mimicking traditional meat\'s taste and texture, offering a sustainable and ethical protein alternative.","Innovative cultured meat project aims to provide a sustainable protein source that resembles traditional meat in taste and texture.","New lab-grown meat product created to resemble traditional meat in taste and texture, presenting a potential solution to environmental and ethical concerns of conventional meat production."
"Engineers have designed a wearable exoskeleton that can assist individuals with spinal cord injuries in walking. This technology holds promise for improving mobility and quality of life for people with paralysis.","Wearable exoskeleton aids people with spinal cord injuries in walking, potentially enhancing mobility and quality of life.","Researchers create innovative wearable exoskeleton to help individuals with paralysis walk again, offering improved mobility and well-being.","Innovation in wearable exoskeleton technology offers hope for individuals with spinal cord injuries, enabling walking and potentially improving overall quality of life."
"Astronomers have discovered a new exoplanet located within the habitable zone of its star. This planet, with conditions potentially suitable for liquid water, brings us closer to finding habitable worlds beyond Earth.","New exoplanet found in habitable zone of its star, offering potential for liquid water and increased chances of habitability.","Discovery of exoplanet within habitable zone brings us one step closer to finding planets with conditions suitable for life.","Astronomers identify exoplanet located in the habitable zone of its star, raising hopes for discovering Earth-like planets with potential habitability."
"Scientists have developed a new technique for converting carbon dioxide into solid carbonates using a liquid metal catalyst. This innovation could contribute to carbon capture and utilization efforts.","New technique converts carbon dioxide into solid carbonates using liquid metal catalyst, with potential for carbon capture and utilization.","Researchers create innovative method to transform carbon dioxide into solid carbonates using liquid metal catalyst, aiding in carbon capture and utilization.","Discovery of technique to convert carbon dioxide into solid carbonates using liquid metal catalyst offers a step forward in addressing carbon emissions."
"A team of researchers has developed a wearable device that can monitor blood glucose levels without the need for frequent finger pricks. This technology offers a more convenient solution for people with diabetes.","Wearable device monitors blood glucose levels without finger pricks, providing a convenient option for diabetes management.","Innovative wearable technology enables continuous blood glucose monitoring without the need for frequent finger pricks, benefiting individuals with diabetes.","Researchers create non-invasive wearable device for tracking blood glucose levels, offering a more comfortable option for individuals with diabetes."
"An AI-powered language model has achieved human-level performance on a widely used benchmark test for reading comprehension. This development showcases the advancements in AI understanding of human language.","AI language model attains human-level performance on reading comprehension test, demonstrating progress in natural language understanding.","New achievement in AI research: language model reaches human-level performance on reading comprehension test, highlighting strides in language understanding.","Researchers achieve milestone as AI-powered language model matches human performance on reading comprehension test, signifying growth in language comprehension capabilities."
"Researchers have successfully grown functioning human heart tissue using spinach leaves as a scaffold. This breakthrough could potentially be used to repair damaged heart tissue and improve heart health.","Functional human heart tissue grown using spinach leaves as scaffold, with potential for repairing damaged hearts.","Innovative approach grows human heart tissue on spinach leaves, offering possibilities for heart tissue repair and improved cardiovascular health.","Scientists use spinach leaves as scaffold to grow functional human heart tissue, providing potential solutions for heart damage and cardiovascular conditions."
"A company has developed a biodegradable alternative to traditional plastic packaging made from algae. This eco-friendly packaging option aims to reduce plastic pollution and environmental impact.","Biodegradable packaging made from algae introduced as alternative to traditional plastic, with a focus on reducing plastic pollution.","Innovative company creates eco-friendly packaging from algae, offering a sustainable solution to plastic waste.","New packaging material made from algae aims to combat plastic pollution by providing a biodegradable alternative to traditional plastic packaging."
"Researchers have designed a new type of material that can cool buildings without the need for energy-intensive air conditioning. This material reflects sunlight and emits heat, enabling passive cooling.","Innovative material reflects sunlight and emits heat to enable passive cooling of buildings without energy-intensive air conditioning.","Scientists develop building material that cools structures by reflecting sunlight and emitting heat, offering an energy-efficient alternative to air conditioning.","New material designed for passive cooling of buildings by reflecting sunlight and releasing heat, reducing the need for energy-consuming air conditioning."
"An autonomous drone has been developed to plant trees in areas affected by deforestation. This drone technology could significantly accelerate reforestation efforts and combat climate change.","Autonomous drone introduced for tree planting in deforested areas, potentially speeding up reforestation and addressing climate change.","Innovative drone technology aims to reforest deforested areas by autonomously planting trees, contributing to climate change mitigation.","Researchers develop drone capable of autonomously planting trees in deforested regions, offering a scalable solution for reforestation and environmental restoration."
"Astronomers have discovered a new type of star that pulsates in a unique pattern, providing insights into the star\'s internal structure and evolution. This discovery could enhance our understanding of stellar physics.","Discovery of pulsating star with unique pattern sheds light on its internal structure and evolution, advancing our knowledge of stellar physics.","Newly found star exhibits distinctive pulsation pattern, offering astronomers insights into its internal characteristics and evolutionary processes.","Astronomers identify star that pulsates in a novel pattern, contributing to our understanding of the star\'s internal workings and evolution."
"Researchers have developed a skin patch that can convert sweat into electrical energy to power small wearable devices. This innovation could lead to self-powered wearable sensors for health monitoring.","Skin patch transforms sweat into electrical energy to power wearable devices, paving the way for self-powered health monitoring sensors.","Innovative skin patch technology converts sweat into electricity for wearable device power, offering potential for self-sustaining health monitoring sensors.","Scientists create wearable skin patch that generates electrical energy from sweat, opening possibilities for self-powered health monitoring devices."
"A new type of solar panel has been designed to generate electricity from both sunlight and raindrops. This dual-functionality solar panel could improve energy production in various weather conditions.","Innovative solar panel generates electricity from sunlight and raindrops, enhancing energy production under diverse weather conditions.","Researchers create solar panel that harnesses energy from both sunlight and raindrops, offering potential for improved energy generation in various climates.","New solar panel technology combines sunlight and raindrop energy harvesting to increase overall efficiency and performance."
"Scientists have developed a new type of biodegradable plastic made from plant waste, such as corn husks and wheat straw. This eco-friendly plastic could reduce plastic pollution and environmental impact.","New biodegradable plastic created from plant waste, including corn husks and wheat straw, aims to combat plastic pollution.","Researchers invent plant waste-derived biodegradable plastic, offering an environmentally friendly alternative to traditional plastics.","Innovative biodegradable plastic developed using plant waste materials could contribute to reducing plastic pollution and environmental harm."
"A team of engineers has designed a robotic prosthetic arm that can provide amputees with a sense of touch through electronic sensors. This advancement could greatly enhance the functionality of prosthetic limbs.","Robotic prosthetic arm with electronic sensors offers amputees a sense of touch, potentially revolutionizing prosthetic limb technology.","Engineers create innovative prosthetic arm that provides tactile sensation through electronic sensors, improving the usability of prosthetic limbs.","Newly developed robotic prosthetic arm with touch-sensing capabilities aims to enhance the quality of life for amputees by providing a sense of touch."
"Researchers have developed a device that can harvest energy from Wi-Fi signals to power small electronics. This technology could lead to the creation of self-sustaining Internet of Things (IoT) devices.","Device captures energy from Wi-Fi signals to power small electronics, offering potential for self-sustaining IoT devices.","Innovative energy harvesting device converts Wi-Fi signals into power for small electronics, with implications for self-powered IoT technology.","Scientists create technology to harness Wi-Fi signals for energy, paving the way for self-sustaining Internet of Things devices."
"Artificial intelligence researchers have developed a new algorithm that can accurately predict earthquake aftershocks. This advancement could lead to improved earthquake preparedness and risk assessment.","New AI algorithm predicts earthquake aftershocks accurately, enhancing earthquake preparedness and risk assessment.","Researchers create algorithm that uses AI to predict earthquake aftershocks with accuracy, contributing to better understanding of seismic events.","Innovative AI algorithm developed for predicting earthquake aftershocks, offering potential for improved disaster preparedness and risk management."