question,generated_text,reference_text
"What are the benefits of regular exercise?","Regular exercise has numerous benefits, including improved cardiovascular health, weight management, and increased energy levels.","Regular exercise has numerous benefits, including improved cardiovascular health, weight management, and increased energy levels. It can also reduce the risk of chronic diseases like diabetes and hypertension."
"What is the process of photosynthesis?","Photosynthesis is the process by which plants and other organisms convert light energy into chemical energy in the form of glucose.","Photosynthesis is the process by which plants and other organisms convert light energy into chemical energy in the form of glucose. This process takes place in the chloroplasts of plant cells."
"What are the key features of a smartphone?","A smartphone is a mobile device that typically features a touchscreen, internet connectivity, and the ability to run various applications.","A smartphone is a mobile device that typically features a touchscreen, internet connectivity, and the ability to run various applications. It can also make calls, send text messages, and has a camera for taking photos and videos."
"How does the immune system work?","The immune system is a complex network of cells, tissues, and organs that defends the body against harmful invaders such as bacteria, viruses, and other pathogens.","The immune system is a complex network of cells, tissues, and organs that defends the body against harmful invaders such as bacteria, viruses, and other pathogens. It recognizes and destroys these invaders to keep the body healthy."
"What is the capital of France?","The capital of France is Paris, which is known for its iconic landmarks such as the Eiffel Tower and the Louvre Museum.","The capital of France is Paris, which is known for its iconic landmarks such as the Eiffel Tower and the Louvre Museum. It is also famous for its rich history and culture."
"What is climate change?","Climate change refers to long-term alterations in temperature, precipitation, and other weather patterns on Earth. It is primarily driven by human activities such as the burning of fossil fuels and deforestation.","Climate change refers to long-term alterations in temperature, precipitation, and other weather patterns on Earth. It is primarily driven by human activities such as the burning of fossil fuels and deforestation. Climate change has far-reaching impacts on ecosystems, sea levels, and extreme weather events."
"How does the water cycle work?","The water cycle, also known as the hydrologic cycle, is the continuous process by which water evaporates from the Earth's surface, forms clouds, and then falls back to the surface as precipitation.","The water cycle, also known as the hydrologic cycle, is the continuous process by which water evaporates from the Earth's surface, forms clouds, and then falls back to the surface as precipitation. It plays a crucial role in maintaining Earth's supply of fresh water."
"What are the main principles of democracy?","Democracy is a system of government where the power is vested in the people, and key principles include free and fair elections, protection of individual rights, and the rule of law.","Democracy is a system of government where the power is vested in the people, and key principles include free and fair elections, protection of individual rights, and the rule of law. It promotes transparency, accountability, and the peaceful transition of power."
"How do plants photosynthesize?","Plants photosynthesize by using sunlight, carbon dioxide, and water to produce glucose and oxygen. This process takes place in the chloroplasts of plant cells.","Plants photosynthesize by using sunlight, carbon dioxide, and water to produce glucose and oxygen. This process takes place in the chloroplasts of plant cells, and it's vital for the survival of plants and the oxygen content in the atmosphere."
"What are the key components of a computer system?","A computer system consists of several key components, including the central processing unit (CPU), memory, storage devices, input and output devices, and the operating system.","A computer system consists of several key components, including the central processing unit (CPU), memory, storage devices, input and output devices, and the operating system. These components work together to perform various tasks and run software applications."
"What is the concept of supply and demand in economics?","Supply and demand is a fundamental concept in economics that describes the relationship between the availability of a product (supply) and the desire for that product (demand). Prices tend to rise when demand exceeds supply and fall when supply exceeds demand.","Supply and demand is a fundamental concept in economics that describes the relationship between the availability of a product (supply) and the desire for that product (demand). Prices tend to rise when demand exceeds supply and fall when supply exceeds demand. It's a key factor in determining market prices."
"What is the purpose of the United Nations (UN)?","The United Nations is an international organization founded to promote peace, security, and cooperation among member countries. It works on global issues such as human rights, humanitarian aid, and conflict resolution.","The United Nations is an international organization founded to promote peace, security, and cooperation among member countries. It works on global issues such as human rights, humanitarian aid, and conflict resolution. The UN also facilitates international diplomacy and fosters collaboration on global challenges."
"How do earthquakes occur?","Earthquakes occur when there is a sudden release of energy in the Earth's crust, causing the ground to shake. This release of energy is typically the result of tectonic plate movements or volcanic activity.","Earthquakes occur when there is a sudden release of energy in the Earth's crust, causing the ground to shake. This release of energy is typically the result of tectonic plate movements or volcanic activity. The point where the earthquake originates is called the epicenter."
"What is the structure of an atom?","An atom consists of three main subatomic particles: protons, neutrons, and electrons. Protons and neutrons are found in the nucleus, while electrons orbit the nucleus in energy levels or shells.","An atom consists of three main subatomic particles: protons, neutrons, and electrons. Protons and neutrons are found in the nucleus, while electrons orbit the nucleus in energy levels or shells. Understanding atomic structure is crucial in chemistry and physics."
"What is the greenhouse effect?","The greenhouse effect is a natural process that occurs when certain gases in Earth's atmosphere, like carbon dioxide and water vapor, trap heat from the sun. This helps to keep our planet warm enough to support life.","The greenhouse effect is a natural process that occurs when certain gases in Earth's atmosphere, like carbon dioxide and water vapor, trap heat from the sun. This helps to keep our planet warm enough to support life. However, human activities have intensified this effect, leading to global warming."
"How do vaccines work?","Vaccines work by introducing a weakened or inactivated form of a pathogen into the body. This stimulates the immune system to produce antibodies without causing the actual disease. As a result, the immune system becomes prepared to fight the real pathogen in the future.","Vaccines work by introducing a weakened or inactivated form of a pathogen into the body. This stimulates the immune system to produce antibodies without causing the actual disease. As a result, the immune system becomes prepared to fight the real pathogen in the future, providing immunity."
"What are the main functions of the liver?","The liver has several vital functions in the body, including metabolizing nutrients, filtering toxins from the blood, and producing important proteins like albumin and blood-clotting factors.","The liver has several vital functions in the body, including metabolizing nutrients, filtering toxins from the blood, and producing important proteins like albumin and blood-clotting factors. It also stores glycogen and regulates cholesterol levels."
"What is the concept of time dilation in physics?","Time dilation is a phenomenon predicted by Albert Einstein's theory of relativity. It states that time can pass at different rates for two observers moving relative to each other. The faster an object moves, the slower time passes for it relative to a stationary observer.","Time dilation is a phenomenon predicted by Albert Einstein's theory of relativity. It states that time can pass at different rates for two observers moving relative to each other. The faster an object moves, the slower time passes for it relative to a stationary observer. This has been experimentally confirmed in high-speed particle physics."
"What is the purpose of the European Union (EU)?","The European Union is a political and economic union of 27 European countries that aims to promote economic cooperation, peace, and a single market. It also has common policies on trade, currency, and various other issues.","The European Union is a political and economic union of 27 European countries that aims to promote economic cooperation, peace, and a single market. It also has common policies on trade, currency, and various other issues. The EU facilitates cross-border travel, trade, and cooperation."
"How does a camera work?","Cameras capture images by allowing light to pass through a lens and focus onto a light-sensitive sensor or film. When the light hits the sensor, it is converted into an image that can be saved or printed.","Cameras capture images by allowing light to pass through a lens and focus onto a light-sensitive sensor or film. When the light hits the sensor, it is converted into an image that can be saved or printed. Modern digital cameras use sensors to capture and store images electronically."
"What is the role of mitochondria in cells?","Mitochondria are often called the 'powerhouses of the cell' because they generate energy in the form of adenosine triphosphate (ATP) through a process called cellular respiration. This energy is essential for various cellular functions.","Mitochondria are often called the 'powerhouses of the cell' because they generate energy in the form of adenosine triphosphate (ATP) through a process called cellular respiration. This energy is essential for various cellular functions, such as muscle contraction and cell division."
"What is the concept of natural selection in evolution?","Natural selection is a key mechanism of evolution proposed by Charles Darwin. It describes the process by which organisms with favorable traits that enhance their survival and reproduction are more likely to pass on their genes to the next generation.","Natural selection is a key mechanism of evolution proposed by Charles Darwin. It describes the process by which organisms with favorable traits that enhance their survival and reproduction are more likely to pass on their genes to the next generation. Over time, this leads to the adaptation of species to their environment."
"What is renewable energy?","Renewable energy is energy that is derived from naturally occurring and replenishable sources, such as sunlight, wind, and water. Unlike fossil fuels, these sources can be used without depleting them.","Renewable energy is energy that is derived from naturally occurring and replenishable sources, such as sunlight, wind, and water. Unlike fossil fuels, these sources can be used without depleting them, making them a sustainable and environmentally friendly energy option."