input,answer
How much more is life insurance for smokers?,""
Does your child need life insurance?,""
What happens if my policy lapses?,"If your policy lapses, you will have to pay the full premium again."
What is liability coverage in home insurance?,Liability coverage in home insurance is a type of policy that provides financial protection against lawsuits for bodily injury and property damage.
What does travel insurance cover?,Travel insurance is a type of insurance that provides financial protection against the loss of or damage to personal belongings and money during travel.
Can I borrow money against my life insurance policy?,"Life insurance policies do not provide cash value. However, some companies offer loans against life insurance policies."
What is life insurance?,"Life insurance is a contract between an insurer and the policyholder, where the insurer promises to pay a sum of money to the policyholder in the event of the death of the policyholder."
What are the different types of insurance?,"Life insurance, health insurance, disability insurance, and long-term care insurance are the most common types of insurance."
What is the difference between an insurance agent and a broker?,An insurance agent is a person who sells insurance policies on behalf of an insurance company.
Does business insurance cover cyberattacks?,Business insurance policies do not cover cyberattacks.
"What does ""policy limit"" mean?",The maximum amount of money that an insurance company will pay out in the event of a claim.
