input,answer,,
Combien co√ªte l'assurance-vie de plus aux fumeurs?,"Je suis désolé, mais en tant qu'IA, je ne peux pas fournir des informations spécifiques sur les coûts de l'assurance-vie pour les fumeurs par rapport aux non-fumeurs, car ces tarifs peuvent varier considérablement en fonction de nombreux facteurs, tels que l'âge, l'état de santé général, la compagnie d'assurance, le montant de la couverture et la région géographique. Cependant, il est généralement admis que les fumeurs paient plus cher pour l'assurance-vie en raison des risques de santé accrus associés au tabagisme. Il est recommandé de contacter directement des compagnies d'assurance ou des courtiers pour obtenir des devis précis.",,
Votre enfant a-t-il besoin d'une assurance-vie ?,"En général, les enfants ne sont pas considérés comme des candidats pour une assurance-vie traditionnelle car ils ne génèrent pas de revenu et n'ont pas de dépendants financièrement dépendants d'eux. Cependant, il existe des types spécifiques d'assurance-vie conçus pour les enfants, souvent appelés ""assurances enfants temporaires"" ou ""polices d'assurance-vie pour enfants"". Ces polices sont généralement achetées pour couvrir les frais funéraires et d'enterrement en cas de décès de l'enfant, et elles peuvent également servir de moyen de planifier financièrement pour l'avenir de l'enfant.

Il est important de noter que ces polices sont généralement bon marché et leur valeur augmente avec le temps, mais elles ne sont pas destinées à être une forme de placement financier. Elles sont principalement utilisées pour offrir une certaine tranquillité d'esprit et pour aider à couvrir les coûts potentiels associés à un décès prématuré.

En fin de compte, la décision d'acheter une assurance-vie pour un enfant dépend de vos circonstances personnelles, de vos préoccupations financières et de vos objectifs de planification financière. Il est toujours judicieux de consulter un conseiller financier ou un agent d'assurance pour comprendre pleinement les options et les implications.",,
Que se passe-t-il si ma police d'assurance expire ?,Si votre police d'assurance expire  vous devrez payer √† nouveau la prime int√©grale.,,
Qu‚Äôest-ce que la garantie responsabilit√© civile dans une assurance habitation¬†?,La garantie responsabilit√© civile en assurance habitation est un type de police qui offre une protection financi√®re contre les poursuites pour dommages corporels et mat√©riels.,,
Que couvre l'assurance voyage¬†?,L'assurance voyage est un type d'assurance qui offre une protection financi√®re contre la perte ou l'endommagement de vos effets personnels et de votre argent pendant un voyage.,,
Puis-je emprunter de l'argent en utilisant mon assurance-vie comme garantie ?,Les contrats d'assurance-vie n'ont pas de valeur de rachat. Cependant certaines compagnies proposent des pr√™ts garantis par ces contrats., ,
Qu'est-ce que l'assurance-vie¬†?,L'assurance-vie est un contrat entre un assureur et un assur√©, par lequel l'assureur promet de verser une somme d'argent √† l'assur√© en cas de d√©c√®s de ce dernier.,
Quels sont les diff√©rents types d'assurance ?,L‚Äôassurance-vie, l‚Äôassurance maladie, l‚Äôassurance invalidit√© et l‚Äôassurance d√©pendance sont les types d‚Äôassurance les plus courants.
Quelle est la diff√©rence entre un agent d'assurance et un courtier ?,Un agent d'assurance est une personne qui vend des polices d'assurance pour le compte d'une compagnie d'assurance.,,
L'assurance entreprise couvre-t-elle les cyberattaques¬†?,Les polices d'assurance pour entreprises ne couvrent pas les cyberattaques.,,
Que signifie ¬´ limite de police ¬ª ?,Le montant maximal qu'une compagnie d'assurance versera en cas de sinistre.,,